MPIO_CNMBR,DEPTO
FLORENCIA,CAQUETA
ALBANIA,CAQUETA
BELEN DE LOS ANDAQUIES,CAQUETA
EL DONCELLO,CAQUETA
EL PAUJIL,CAQUETA
LA MONTAÑITA,CAQUETA
MILAN,CAQUETA
MORELIA,CAQUETA
SAN JOSE DEL FRAGUA,CAQUETA
VALPARAISO,CAQUETA
CARTAGENA DEL CHAIRA,CAQUETA
SAN VICENTE DEL CAGUAN,CAQUETA
SOLANO,CAQUETA
SOLITA,CAQUETA
CURRILLO,CAQUETA
PUERTO RICO,CAQUETA
POPAYAN,CAUCA
ALMAGUER,CAUCA
ARGELIA,CAUCA
BALBOA,CAUCA
BOLIVAR,CAUCA
BUENOS AIRES,CAUCA
CAJIBIO,CAUCA
CALDONO,CAUCA
CALOTO,CAUCA
CORINTO,CAUCA
FLORENCIA,CAUCA
INZA,CAUCA
JAMBALO,CAUCA
LA SIERRA,CAUCA
LA VEGA,CAUCA
MERCADERES,CAUCA
MIRANDA,CAUCA
MORALES,CAUCA
PADILLA,CAUCA
PAEZ,CAUCA
PATIA,CAUCA
PIAMONTE,CAUCA
PIENDAMO,CAUCA
PUERTO TEJADA,CAUCA
PURACE,CAUCA
ROSAS,CAUCA
SAN SEBASTIAN,CAUCA
SANTANDER DE QUILICHAO,CAUCA
SANTA ROSA,CAUCA
SILVIA,CAUCA
SOTARA,CAUCA
SUAREZ,CAUCA
SUCRE,CAUCA
TIMBIO,CAUCA
TORIBIO,CAUCA
TOTORO,CAUCA
EL TAMBO,CAUCA
GUAPI,CAUCA
LOPEZ,CAUCA
TIMBIQUI,CAUCA
VILLA RICA,CAUCA
CALI,VALLE DEL CAUCA
ANDALUCIA,VALLE DEL CAUCA
ANSERMANUEVO,VALLE DEL CAUCA
ARGELIA,VALLE DEL CAUCA
BUGA,VALLE DEL CAUCA
BUGALAGRANDE,VALLE DEL CAUCA
CAICEDONIA,VALLE DEL CAUCA
CALIMA,VALLE DEL CAUCA
CANDELARIA,VALLE DEL CAUCA
CARTAGO,VALLE DEL CAUCA
EL AGUILA,VALLE DEL CAUCA
EL CAIRO,VALLE DEL CAUCA
EL CERRITO,VALLE DEL CAUCA
EL DOVIO,VALLE DEL CAUCA
FLORIDA,VALLE DEL CAUCA
GINEBRA,VALLE DEL CAUCA
GUACARI,VALLE DEL CAUCA
ALCALA,VALLE DEL CAUCA
OBANDO,VALLE DEL CAUCA
PALMIRA,VALLE DEL CAUCA
PRADERA,VALLE DEL CAUCA
RESTREPO,VALLE DEL CAUCA
RIOFRIO,VALLE DEL CAUCA
ROLDANILLO,VALLE DEL CAUCA
SAN PEDRO,VALLE DEL CAUCA
SEVILLA,VALLE DEL CAUCA
TORO,VALLE DEL CAUCA
TRUJILLO,VALLE DEL CAUCA
TULUA,VALLE DEL CAUCA
ULLOA,VALLE DEL CAUCA
VERSALLES,VALLE DEL CAUCA
VIJES,VALLE DEL CAUCA
YOTOCO,VALLE DEL CAUCA
YUMBO,VALLE DEL CAUCA
ZARZAL,VALLE DEL CAUCA
LA VICTORIA,VALLE DEL CAUCA
LA UNION,VALLE DEL CAUCA
LA CUMBRE,VALLE DEL CAUCA
JAMUNDI,VALLE DEL CAUCA
BOLIVAR,VALLE DEL CAUCA
DAGUA,VALLE DEL CAUCA
BUENAVENTURA,VALLE DEL CAUCA
MOCOA,PUTUMAYO
COLON,PUTUMAYO
ORITO,PUTUMAYO
SIBUNDOY,PUTUMAYO
SAN FRANCISCO,PUTUMAYO
SAN MIGUEL,PUTUMAYO
SANTIAGO,PUTUMAYO
VALLE DEL GUAMUEZ,PUTUMAYO
VILLAGARZON,PUTUMAYO
PUERTO CAICEDO,PUTUMAYO
PUERTO ASIS,PUTUMAYO
PUERTO GUZMAN,PUTUMAYO
LEGUIZAMO,PUTUMAYO
SANDONA,NARIÑO
SAN BERNARDO,NARIÑO
SAN LORENZO,NARIÑO
POTOSI,NARIÑO
SAN PABLO,NARIÑO
PROVIDENCIA,NARIÑO
SAN PEDRO DE CARTAGO,NARIÑO
PUERRES,NARIÑO
SANTACRUZ,NARIÑO
PUPIALES,NARIÑO
SAMANIEGO,NARIÑO
CONSACA,NARIÑO
CONTADERO,NARIÑO
CORDOBA,NARIÑO
PASTO,NARIÑO
ALBAN,NARIÑO
ALDANA,NARIÑO
CUASPUD,NARIÑO
ANCUYA,NARIÑO
ARBOLEDA,NARIÑO
BELEN,NARIÑO
BUESACO,NARIÑO
COLON,NARIÑO
NARINO,NARIÑO
OSPINA,NARIÑO
SAPUYES,NARIÑO
TAMINANGO,NARIÑO
TANGUA,NARIÑO
CHACHAGUI,NARIÑO
EL PEÑOL,NARIÑO
EL TABLON DE GOMEZ,NARIÑO
TUQUERRES,NARIÑO
LINARES,NARIÑO
YACUANQUER,NARIÑO
MALLAMA,NARIÑO
LA CRUZ,NARIÑO
LA FLORIDA,NARIÑO
EL TAMBO,NARIÑO
FUNES,NARIÑO
GUACHUCAL,NARIÑO
LA UNION,NARIÑO
GUAITARILLA,NARIÑO
LEIVA,NARIÑO
GUALMATAN,NARIÑO
ILES,NARIÑO
IMUES,NARIÑO
IPIALES,NARIÑO
CUMBAL,NARIÑO
CUMBITARA,NARIÑO
EL ROSARIO,NARIÑO
LA LLANADA,NARIÑO
LOS ANDES,NARIÑO
POLICARPA,NARIÑO
RICAURTE,NARIÑO
BARBACOAS,NARIÑO
EL CHARCO,NARIÑO
LA TOLA,NARIÑO
MAGUI,NARIÑO
MOSQUERA,NARIÑO
OLAYA HERRERA,NARIÑO
FRANCISCO PIZARRO,NARIÑO
ROBERTO PAYAN,NARIÑO
SANTA BARBARA,NARIÑO
INIRIDA,GUAINIA
BARRANCO MINA,GUAINIA
MAPIRIPANA,GUAINIA
SAN FELIPE,GUAINIA
PUERTO COLOMBIA,GUAINIA
LA GUADALUPE,GUAINIA
CACAHUAL,GUAINIA
PANA PANA,GUAINIA
MORICHAL,GUAINIA
SANTA ROSALIA,VICHADA
PUERTO CARREÑO,VICHADA
LA PRIMAVERA,VICHADA
CUMARIBO,VICHADA
YOPAL,CASANARE
AGUAZUL,CASANARE
CHAMEZA,CASANARE
LA SALINA,CASANARE
MANI,CASANARE
MONTERREY,CASANARE
NUNCHIA,CASANARE
OROCUE,CASANARE
PORE,CASANARE
RECETOR,CASANARE
SABANALARGA,CASANARE
SACAMA,CASANARE
SAN LUIS DE PALENQUE,CASANARE
TAMARA,CASANARE
TAURAMENA,CASANARE
TRINIDAD,CASANARE
VILLANUEVA,CASANARE
HATO COROZAL,CASANARE
PAZ DE ARIPORO,CASANARE
LETICIA,AMAZONAS
EL ENCANTO,AMAZONAS
LA CHORRERA,AMAZONAS
LA PEDRERA,AMAZONAS
LA VICTORIA,AMAZONAS
MIRITI - PARANA,AMAZONAS
PUERTO ALEGRIA,AMAZONAS
PUERTO ARICA,AMAZONAS
PUERTO NARIÑO,AMAZONAS
PUERTO SANTANDER,AMAZONAS
TARAPACA,AMAZONAS
MITU,VAUPES
CARURU,VAUPES
PACOA,VAUPES
TARAIRA,VAUPES
PAPUNAHUA,VAUPES
YAVARATE,VAUPES
SAN JOSE DEL GUAVIARE,GUAVIARE
CALAMAR,GUAVIARE
EL RETORNO,GUAVIARE
MIRAFLORES,GUAVIARE
MANIZALES,CALDAS
AGUADAS,CALDAS
NEIRA,CALDAS
MARULANDA,CALDAS
MARQUETALIA,CALDAS
MARMATO,CALDAS
MANZANARES,CALDAS
LA MERCED,CALDAS
LA DORADA,CALDAS
FILADELFIA,CALDAS
CHINCHINA,CALDAS
BELALCAZAR,CALDAS
ARANZAZU,CALDAS
ANSERMA,CALDAS
NORCASIA,CALDAS
VITERBO,CALDAS
VILLA MARIA,CALDAS
VICTORIA,CALDAS
SUPIA,CALDAS
SAN JOSE,CALDAS
SAMANA,CALDAS
SALAMINA,CALDAS
RISARALDA,CALDAS
PENSILVANIA,CALDAS
PALESTINA,CALDAS
PACORA,CALDAS
RIOSUCIO,CALDAS
ARMENIA,QUINDIO
BUENAVISTA,QUINDIO
CALARCA,QUINDIO
CIRCASIA,QUINDIO
CORDOBA,QUINDIO
FILANDIA,QUINDIO
GENOVA,QUINDIO
LA TEBAIDA,QUINDIO
MONTENEGRO,QUINDIO
PIJAO,QUINDIO
QUIMBAYA,QUINDIO
SALENTO,QUINDIO
PEREIRA,RISARALDA
APIA,RISARALDA
BALBOA,RISARALDA
BELEN DE UMBRIA,RISARALDA
DOSQUEBRADAS,RISARALDA
GUATICA,RISARALDA
LA CELIA,RISARALDA
LA VIRGINIA,RISARALDA
MARSELLA,RISARALDA
MISTRATO,RISARALDA
PUEBLO RICO,RISARALDA
QUINCHIA,RISARALDA
SANTA ROSA DE CABAL,RISARALDA
SANTUARIO,RISARALDA
MEDELLIN,ANTIOQUIA
CIUDAD BOLIVAR,ANTIOQUIA
BRICEÑO,ANTIOQUIA
BURITICA,ANTIOQUIA
CACERES,ANTIOQUIA
BETULIA,ANTIOQUIA
BETANIA,ANTIOQUIA
BELLO,ANTIOQUIA
BELMIRA,ANTIOQUIA
BARBOSA,ANTIOQUIA
ARMENIA,ANTIOQUIA
ARGELIA,ANTIOQUIA
ARBOLETES,ANTIOQUIA
ANZA,ANTIOQUIA
SANTAFE DE ANTIOQUIA,ANTIOQUIA
ANORI,ANTIOQUIA
ANGOSTURA,ANTIOQUIA
ANGELOPOLIS,ANTIOQUIA
ANDES,ANTIOQUIA
AMALFI,ANTIOQUIA
AMAGA,ANTIOQUIA
ALEJANDRIA,ANTIOQUIA
ABRIAQUI,ANTIOQUIA
ABEJORRAL,ANTIOQUIA
ZARAGOZA,ANTIOQUIA
YONDO,ANTIOQUIA
YOLOMBO,ANTIOQUIA
YARUMAL,ANTIOQUIA
YALI,ANTIOQUIA
VENECIA,ANTIOQUIA
VEGACHI,ANTIOQUIA
VALPARAISO,ANTIOQUIA
VALDIVIA,ANTIOQUIA
URAMITA,ANTIOQUIA
TURBO,ANTIOQUIA
TOLEDO,ANTIOQUIA
TITIRIBI,ANTIOQUIA
TARSO,ANTIOQUIA
TARAZA,ANTIOQUIA
TAMESIS,ANTIOQUIA
SOPETRAN,ANTIOQUIA
SONSON,ANTIOQUIA
SEGOVIA,ANTIOQUIA
SANTUARIO,ANTIOQUIA
SANTO DOMINGO,ANTIOQUIA
SANTA.ROSA DE OSOS,ANTIOQUIA
SANTA BARBARA,ANTIOQUIA
GIRALDO,ANTIOQUIA
FREDONIA,ANTIOQUIA
ENVIGADO,ANTIOQUIA
ENTRERRIOS,ANTIOQUIA
EL BAGRE,ANTIOQUIA
EBEJICO,ANTIOQUIA
DON MATIAS,ANTIOQUIA
COPACABANA,ANTIOQUIA
CONCORDIA,ANTIOQUIA
CONCEPCION,ANTIOQUIA
COCORNA,ANTIOQUIA
CISNEROS,ANTIOQUIA
CHIGORODO,ANTIOQUIA
CAUCASIA,ANTIOQUIA
CAROLINA,ANTIOQUIA
CARMEN DE VIBORAL,ANTIOQUIA
CAREPA,ANTIOQUIA
CARAMANTA,ANTIOQUIA
CARACOLI,ANTIOQUIA
CAÑASGORDAS,ANTIOQUIA
CAMPAMENTO,ANTIOQUIA
CALDAS,ANTIOQUIA
CAICEDO,ANTIOQUIA
SAN VICENTE,ANTIOQUIA
SAN ROQUE,ANTIOQUIA
SAN RAFAEL,ANTIOQUIA
SAN PEDRO DE URABA,ANTIOQUIA
SAN PEDRO,ANTIOQUIA
SAN LUIS,ANTIOQUIA
SAN JUAN DE URABA,ANTIOQUIA
SAN JOSE DE LA MONTAÑA,ANTIOQUIA
SAN JERONIMO,ANTIOQUIA
SAN FRANCISCO,ANTIOQUIA
SAN CARLOS,ANTIOQUIA
SAN ANDRES,ANTIOQUIA
SALGAR,ANTIOQUIA
SABANALARGA,ANTIOQUIA
RIONEGRO,ANTIOQUIA
RETIRO,ANTIOQUIA
REMEDIOS,ANTIOQUIA
PUERTO TRIUNFO,ANTIOQUIA
PUERTO NARE,ANTIOQUIA
PUERTO BERRIO,ANTIOQUIA
PUEBLORRICO,ANTIOQUIA
PEQUE,ANTIOQUIA
PEÑOL,ANTIOQUIA
OLAYA,ANTIOQUIA
NECHI,ANTIOQUIA
NECOCLI,ANTIOQUIA
NARIÑO,ANTIOQUIA
MUTATA,ANTIOQUIA
MONTEBELLO,ANTIOQUIA
MARINILLA,ANTIOQUIA
MACEO,ANTIOQUIA
LIBORINA,ANTIOQUIA
LA UNION,ANTIOQUIA
LA PINTADA,ANTIOQUIA
LA CEJA,ANTIOQUIA
JERICO,ANTIOQUIA
JARDIN,ANTIOQUIA
ITAGUI,ANTIOQUIA
HISPANIA,ANTIOQUIA
HELICONIA,ANTIOQUIA
GUATAPE,ANTIOQUIA
GUARNE,ANTIOQUIA
GUADALUPE,ANTIOQUIA
GRANADA,ANTIOQUIA
GOMEZ PLATA,ANTIOQUIA
GIRARDOTA,ANTIOQUIA
DABEIBA,ANTIOQUIA
FRONTINO,ANTIOQUIA
ITUANGO,ANTIOQUIA
URRAO,ANTIOQUIA
MURINDO,ANTIOQUIA
VIGIA DEL FUERTE,ANTIOQUIA
APARTADO,ANTIOQUIA
RIOSUCIO,Choco
QUIBDO,Choco
ACANDI,Choco
ALTO BAUDO,Choco
ATRATO,Choco
BAGADO,Choco
BAHIA SOLANO,Choco
BAJO BAUDO,Choco
BOJAYA,Choco
CANTON DE SAN PABLO,Choco
CARMEN DEL DARIEN,Choco
CERTEGUI,Choco
CONDOTO,Choco
EL CARMEN DE ATRATO,Choco
EL LITORAL DEL SAN JUAN,Choco
ITSMINA,Choco
JURADO,Choco
LLORO,Choco
MEDIO ATRATO,Choco
MEDIO BAUDO,Choco
MEDIO SAN JUAN,Choco
NOVITA,Choco
NUQUI,Choco
RIO IRO,Choco
RIO QUITO,Choco
SAN JOSE DEL PALMAR,Choco
SIPI,Choco
TADO,Choco
UNGUIA,Choco
UNION PANAMERICANA,Choco
TUMACO,NARIÑO
MONTERIA,CORDOBA
AYAPEL,CORDOBA
BUENAVISTA,CORDOBA
CANALETE,CORDOBA
CERETE,CORDOBA
CHIMA,CORDOBA
CHINU,CORDOBA
CIENAGA DE ORO,CORDOBA
COTORRA,CORDOBA
LA APARTADA,CORDOBA
LORICA,CORDOBA
LOS CORDOBAS,CORDOBA
MOMIL,CORDOBA
MO?ITOS,CORDOBA
PLANETA RICA,CORDOBA
PUEBLO NUEVO,CORDOBA
PUERTO ESCONDIDO,CORDOBA
PURISIMA,CORDOBA
SAHAGUN,CORDOBA
SAN ANDRES SOTAVENTO,CORDOBA
SAN ANTERO,CORDOBA
SAN BERNARDO DEL VIENTO,CORDOBA
SAN CARLOS,CORDOBA
SAN PELAYO,CORDOBA
VALENCIA,CORDOBA
MONTELIBANO,CORDOBA
PUERTO LIBERTADOR,CORDOBA
TIERRALTA,CORDOBA
BARRANQUILLA,ATLANTICO
BARANOA,ATLANTICO
CAMPO DE LA CRUZ,ATLANTICO
CANDELARIA,ATLANTICO
GALAPA,ATLANTICO
JUAN DE ACOSTA,ATLANTICO
LURUACO,ATLANTICO
MALAMBO,ATLANTICO
MANATI,ATLANTICO
PALMAR DE VARELA,ATLANTICO
PIOJO,ATLANTICO
POLONUEVO,ATLANTICO
PONEDERA,ATLANTICO
PUERTO COLOMBIA,ATLANTICO
REPELON,ATLANTICO
SABANAGRANDE,ATLANTICO
SABANALARGA,ATLANTICO
SANTA LUCIA,ATLANTICO
SANTO TOMAS,ATLANTICO
SOLEDAD,ATLANTICO
SUAN,ATLANTICO
TUBARA,ATLANTICO
USIACURI,ATLANTICO
CARTAGENA,BOLIVAR
ACHI,BOLIVAR
ALTOS DEL ROSARIO,BOLIVAR
ARENAL,BOLIVAR
ARJONA,BOLIVAR
ARROYOHONDO,BOLIVAR
BARRANCO DE LOBA,BOLIVAR
CALAMAR,BOLIVAR
CANTAGALLO,BOLIVAR
CICUCO,BOLIVAR
CORDOBA,BOLIVAR
CLEMENCIA,BOLIVAR
EL CARMEN DE BOLIVAR,BOLIVAR
EL GUAMO,BOLIVAR
EL PEÑON,BOLIVAR
MAHATES,BOLIVAR
MARGARITA,BOLIVAR
MARIA LA BAJA,BOLIVAR
MONTECRISTO,BOLIVAR
MOMPOS,BOLIVAR
MORALES,BOLIVAR
PINILLOS,BOLIVAR
REGIDOR,BOLIVAR
RIO VIEJO,BOLIVAR
SAN CRISTOBAL,BOLIVAR
SAN ESTANISLAO,BOLIVAR
SAN JACINTO,BOLIVAR
SAN JACINTO DEL CAUCA,BOLIVAR
SAN JUAN NEPOMUCENO,BOLIVAR
SAN MARTIN DE LOBA,BOLIVAR
SAN PABLO,BOLIVAR
SANTA CATALINA,BOLIVAR
SANTA ROSA,BOLIVAR
SANTA ROSA DEL SUR,BOLIVAR
SIMITI,BOLIVAR
SOPLAVIENTO,BOLIVAR
TALAIGUA NUEVO,BOLIVAR
TIQUISIO,BOLIVAR
TURBACO,BOLIVAR
TURBANA,BOLIVAR
VILLANUEVA,BOLIVAR
ZAMBRANO,BOLIVAR
ASTREA,CESAR
BOSCONIA,CESAR
CHIMICHAGUA,CESAR
CHIRIGUANA,CESAR
CURUMANI,CESAR
EL COPEY,CESAR
EL PASO,CESAR
GAMARRA,CESAR
GONZALEZ,CESAR
LA GLORIA,CESAR
LA JAGUA DE IBIRICO,CESAR
MANAURE,CESAR
PAILITAS,CESAR
PELAYA,CESAR
RIO DE ORO,CESAR
SAN ALBERTO,CESAR
SAN DIEGO,CESAR
TAMALAMEQUE,CESAR
VALLEDUPAR,CESAR
AGUSTIN CODAZZI,CESAR
BECERRIL,CESAR
LA PAZ,CESAR
PUEBLO BELLO,CESAR
SAN MARTIN,CESAR
AGUACHICA,CESAR
BARRANCAS,LA GUAJIRA
DISTRACCION,LA GUAJIRA
EL MOLINO,LA GUAJIRA
FONSECA,LA GUAJIRA
HATONUEVO,LA GUAJIRA
LA JAGUA DEL PILAR,LA GUAJIRA
URUMITA,LA GUAJIRA
VILLANUEVA,LA GUAJIRA
RIOHACHA,LA GUAJIRA
ALBANIA,LA GUAJIRA
DIBULLA,LA GUAJIRA
SAN JUAN DEL CESAR,LA GUAJIRA
URIBIA,LA GUAJIRA
MAICAO,LA GUAJIRA
MANAURE,LA GUAJIRA
PEDRAZA,MAGDALENA
ALGARROBO,MAGDALENA
ARIGUANI,MAGDALENA
CERRO SAN ANTONIO,MAGDALENA
CHIVOLO,MAGDALENA
CONCORDIA,MAGDALENA
EL PIÑON,MAGDALENA
EL RETEN,MAGDALENA
GUAMAL,MAGDALENA
NUEVA GRANADA,MAGDALENA
PIJIÑO DEL CARMEN,MAGDALENA
PIVIJAY,MAGDALENA
PLATO,MAGDALENA
PUEBLOVIEJO,MAGDALENA
REMOLINO,MAGDALENA
SABANAS DE SAN ANGEL,MAGDALENA
SALAMINA,MAGDALENA
SAN SEBASTIAN DE BUENAVISTA,MAGDALENA
SAN ZENON,MAGDALENA
SANTA ANA,MAGDALENA
SANTA BARBARA DE PINTO,MAGDALENA
SITIONUEVO,MAGDALENA
TENERIFE,MAGDALENA
ZAPAYAN,MAGDALENA
ZONA BANANERA,MAGDALENA
ARACATACA,MAGDALENA
CIENAGA,MAGDALENA
FUNDACION,MAGDALENA
SANTA MARTA,MAGDALENA
EL BANCO,MAGDALENA
SINCELEJO,SUCRE
BUENAVISTA,SUCRE
CAIMITO,SUCRE
COLOSO,SUCRE
COROZAL,SUCRE
COVEÑAS,SUCRE
CHALAN,SUCRE
EL ROBLE,SUCRE
GALERAS,SUCRE
GUARANDA,SUCRE
LA UNION,SUCRE
LOS PALMITOS,SUCRE
MAJAGUAL,SUCRE
OVEJAS,SUCRE
PALMITO,SUCRE
SAMPUES,SUCRE
SAN BENITO ABAD,SUCRE
SAN JUAN BETULIA,SUCRE
SAN MARCOS,SUCRE
SAN ONOFRE,SUCRE
SAN PEDRO,SUCRE
SINCE,SUCRE
SUCRE,SUCRE
SANTIAGO DE TOLU,SUCRE
TOLU VIEJO,SUCRE
MORROA,SUCRE
SAN ANDRES,SAN ANDRES PROVIDENCIA Y SANTA CATALINA
PROVIDENCIA Y SANTA CATALINA,SAN ANDRES PROVIDENCIA Y SANTA CATALINA
ARAUCA,ARAUCA
PUERTO RONDON,ARAUCA
CRAVO NORTE,ARAUCA
ARAUQUITA,ARAUCA
FORTUL,ARAUCA
SARAVENA,ARAUCA
TAME,ARAUCA
TUNJA,BOYACA
ALMEIDA,BOYACA
AQUITANIA,BOYACA
ARCABUCO,BOYACA
BELEN,BOYACA
BERBEO,BOYACA
BETEITIVA,BOYACA
BOAVITA,BOYACA
BOYACA,BOYACA
BRICEÑO,BOYACA
BUENAVISTA,BOYACA
BUSBANZA,BOYACA
CALDAS,BOYACA
CAMPOHERMOSO,BOYACA
CERINZA,BOYACA
CHINAVITA,BOYACA
CHIQUINQUIRA,BOYACA
CHITA,BOYACA
CHITARAQUE,BOYACA
CHIVATA,BOYACA
CIENEGA,BOYACA
COMBITA,BOYACA
COPER,BOYACA
CORRALES,BOYACA
LABRANZAGRANDE,BOYACA
LA CAPILLA,BOYACA
LA VICTORIA,BOYACA
LA UVITA,BOYACA
PESCA,BOYACA
PISBA,BOYACA
PUERTO BOYACA,BOYACA
QUIPAMA,BOYACA
SOCOTA,BOYACA
SOCHA,BOYACA
SOGAMOSO,BOYACA
SOMONDOCO,BOYACA
UMBITA,BOYACA
VENTAQUEMADA,BOYACA
VIRACACHA,BOYACA
ZETAQUIRA,BOYACA
COVARACHIA,BOYACA
CUCAITA,BOYACA
CUITIVA,BOYACA
CHIQUIZA,BOYACA
CHIVOR,BOYACA
DUITAMA,BOYACA
EL COCUY,BOYACA
EL ESPINO,BOYACA
FIRAVITOBA,BOYACA
FLORESTA,BOYACA
GACHANTIVA,BOYACA
GAMEZA,BOYACA
GARAGOA,BOYACA
GUACAMAYAS,BOYACA
GUATEQUE,BOYACA
GUAYATA,BOYACA
IZA,BOYACA
JENESANO,BOYACA
JERICO,BOYACA
VILLA DE LEYVA,BOYACA
MACANAL,BOYACA
MARIPI,BOYACA
MIRAFLORES,BOYACA
MONGUA,BOYACA
MONGUI,BOYACA
MONIQUIRA,BOYACA
MOTAVITA,BOYACA
MUZO,BOYACA
NOBSA,BOYACA
NUEVO COLON,BOYACA
OICATA,BOYACA
OTANCHE,BOYACA
PACHAVITA,BOYACA
PAEZ,BOYACA
PAIPA,BOYACA
PAJARITO,BOYACA
PANQUEBA,BOYACA
PAUNA,BOYACA
PAYA,BOYACA
PAZ DE RIO,BOYACA
RAMIRIQUI,BOYACA
RAQUIRA,BOYACA
RONDON,BOYACA
SABOYA,BOYACA
SACHICA,BOYACA
SAMACA,BOYACA
SAN EDUARDO,BOYACA
SAN JOSE DE PARE,BOYACA
SAN LUIS DE GACENO,BOYACA
SAN MATEO,BOYACA
SAN MIGUEL DE SEMA,BOYACA
SAN PABLO BORBUR,BOYACA
SANTANA,BOYACA
SANTA MARIA,BOYACA
SAN ROSA VITERBO,BOYACA
SANTA SOFIA,BOYACA
SATIVANORTE,BOYACA
SATIVASUR,BOYACA
SIACHOQUE,BOYACA
SOATA,BOYACA
SORA,BOYACA
SOTAQUIRA,BOYACA
SORACA,BOYACA
SUSACON,BOYACA
SUTAMARCHAN,BOYACA
SUTATENZA,BOYACA
TASCO,BOYACA
TENZA,BOYACA
TIBANA,BOYACA
TIBASOSA,BOYACA
TINJACA,BOYACA
TIPACOQUE,BOYACA
TOCA,BOYACA
TOGUI,BOYACA
TOPAGA,BOYACA
TOTA,BOYACA
TUNUNGUA,BOYACA
TURMEQUE,BOYACA
TUTA,BOYACA
TUTAZA,BOYACA
CHISCAS,BOYACA
CUBARA,BOYACA
GUICAN,BOYACA
ALBAN,CUNDINAMARCA
ANAPOIMA,CUNDINAMARCA
ANOLAIMA,CUNDINAMARCA
ARBELAEZ,CUNDINAMARCA
BELTRAN,CUNDINAMARCA
BITUIMA,CUNDINAMARCA
BOJACA,CUNDINAMARCA
CABRERA,CUNDINAMARCA
CACHIPAY,CUNDINAMARCA
CAJICA,CUNDINAMARCA
CAPARRAPI,CUNDINAMARCA
CAQUEZA,CUNDINAMARCA
CARMEN DE CARUPA,CUNDINAMARCA
CHAGUANI,CUNDINAMARCA
CHIPAQUE,CUNDINAMARCA
CHOACHI,CUNDINAMARCA
CHOCONTA,CUNDINAMARCA
COGUA,CUNDINAMARCA
COTA,CUNDINAMARCA
CUCUNUBA,CUNDINAMARCA
EL COLEGIO,CUNDINAMARCA
EL PEÑON,CUNDINAMARCA
FACATATIVA,CUNDINAMARCA
FOMEQUE,CUNDINAMARCA
FOSCA,CUNDINAMARCA
FUNZA,CUNDINAMARCA
FUQUENE,CUNDINAMARCA
GACHALA,CUNDINAMARCA
GACHANCIPA,CUNDINAMARCA
GACHETA,CUNDINAMARCA
GAMA,CUNDINAMARCA
GRANADA,CUNDINAMARCA
GUACHETA,CUNDINAMARCA
GUADUAS,CUNDINAMARCA
GUASCA,CUNDINAMARCA
GUATAQUI,CUNDINAMARCA
GUATAVITA,CUNDINAMARCA
GUAYABAL DE SIQUIMA,CUNDINAMARCA
GUAYABETAL,CUNDINAMARCA
GUTIERREZ,CUNDINAMARCA
JERUSALEN,CUNDINAMARCA
JUNIN,CUNDINAMARCA
LA CALERA,CUNDINAMARCA
LA MESA,CUNDINAMARCA
LA PALMA,CUNDINAMARCA
LA PEÑA,CUNDINAMARCA
LA VEGA,CUNDINAMARCA
LENGUAZAQUE,CUNDINAMARCA
MACHETA,CUNDINAMARCA
MADRID,CUNDINAMARCA
MANTA,CUNDINAMARCA
MEDINA,CUNDINAMARCA
NARIÑO,CUNDINAMARCA
NEMOCON,CUNDINAMARCA
NILO,CUNDINAMARCA
NIMAIMA,CUNDINAMARCA
NOCAIMA,CUNDINAMARCA
VENECIA,CUNDINAMARCA
PACHO,CUNDINAMARCA
PAIME,CUNDINAMARCA
PANDI,CUNDINAMARCA
PARATEBUENO,CUNDINAMARCA
PASCA,CUNDINAMARCA
PUERTO SALGAR,CUNDINAMARCA
PULI,CUNDINAMARCA
QUEBRADANEGRA,CUNDINAMARCA
QUETAME,CUNDINAMARCA
QUIPILE,CUNDINAMARCA
APULO,CUNDINAMARCA
RICAURTE,CUNDINAMARCA
SAN ANTONIO DE TEQUENDAMA,CUNDINAMARCA
SAN BERNARDO,CUNDINAMARCA
SAN CAYETANO,CUNDINAMARCA
SAN FRANCISCO,CUNDINAMARCA
SASAIMA,CUNDINAMARCA
SESQUILE,CUNDINAMARCA
SILVANIA,CUNDINAMARCA
SIMIJACA,CUNDINAMARCA
SOPO,CUNDINAMARCA
SUBACHOQUE,CUNDINAMARCA
SUESCA,CUNDINAMARCA
SUPATA,CUNDINAMARCA
SUSA,CUNDINAMARCA
SUTATAUSA,CUNDINAMARCA
TABIO,CUNDINAMARCA
TAUSA,CUNDINAMARCA
TENA,CUNDINAMARCA
TENJO,CUNDINAMARCA
TIBACUY,CUNDINAMARCA
TIBIRITA,CUNDINAMARCA
TOCAIMA,CUNDINAMARCA
TOCANCIPA,CUNDINAMARCA
TOPAIPI,CUNDINAMARCA
UBALA,CUNDINAMARCA
UBAQUE,CUNDINAMARCA
UBATE,CUNDINAMARCA
UNE,CUNDINAMARCA
UTICA,CUNDINAMARCA
VERGARA,CUNDINAMARCA
VIANI,CUNDINAMARCA
VILLAGOMEZ,CUNDINAMARCA
VILLAPINZON,CUNDINAMARCA
VILLETA,CUNDINAMARCA
VIOTA,CUNDINAMARCA
YACOPI,CUNDINAMARCA
ZIPACON,CUNDINAMARCA
ZIPAQUIRA,CUNDINAMARCA
AGUA DE DIOS,CUNDINAMARCA
CUCUTA,NORTE DE SANTANDER
ABREGO,NORTE DE SANTANDER
ARBOLEDAS,NORTE DE SANTANDER
BOCHALEMA,NORTE DE SANTANDER
BUCARASICA,NORTE DE SANTANDER
CACOTA,NORTE DE SANTANDER
CACHIRA,NORTE DE SANTANDER
CHINACOTA,NORTE DE SANTANDER
CUCUTILLA,NORTE DE SANTANDER
DURANIA,NORTE DE SANTANDER
EL ZULIA,NORTE DE SANTANDER
GRAMALOTE,NORTE DE SANTANDER
HACARI,NORTE DE SANTANDER
HERRAN,NORTE DE SANTANDER
LABATECA,NORTE DE SANTANDER
LA ESPERANZA,NORTE DE SANTANDER
LA PLAYA,NORTE DE SANTANDER
LOS PATIOS,NORTE DE SANTANDER
LOURDES,NORTE DE SANTANDER
MUTISCUA,NORTE DE SANTANDER
OCAÑA,NORTE DE SANTANDER
PAMPLONA,NORTE DE SANTANDER
PAMPLONITA,NORTE DE SANTANDER
PUERTO SANTANDER,NORTE DE SANTANDER
RAGONVALIA,NORTE DE SANTANDER
SALAZAR,NORTE DE SANTANDER
SAN CALIXTO,NORTE DE SANTANDER
SAN CAYETANO,NORTE DE SANTANDER
SANTIAGO,NORTE DE SANTANDER
SARDINATA,NORTE DE SANTANDER
SILOS,NORTE DE SANTANDER
VILLA CARO,NORTE DE SANTANDER
VILLA DEL ROSARIO,NORTE DE SANTANDER
CHITAGA,NORTE DE SANTANDER
CONVENCION,NORTE DE SANTANDER
EL CARMEN,NORTE DE SANTANDER
TEORAMA,NORTE DE SANTANDER
TIBU,NORTE DE SANTANDER
TOLEDO,NORTE DE SANTANDER
EL TARRA,NORTE DE SANTANDER
BOGOTA,BOGOTA
VILLAVICENCIO,META
ACACIAS,META
BARRANCA DE UPIA,META
CABUYARO,META
CASTILLA LA NUEVA,META
SAN LUIS DE CUBARRAL,META
CUMARAL,META
EL CALVARIO,META
EL CASTILLO,META
EL DORADO,META
FUENTE DE ORO,META
GRANADA,META
GUAMAL,META
MESETAS,META
LA URIBE,META
LEJANIAS,META
PUERTO CONCORDIA,META
PUERTO LOPEZ,META
PUERTO LLERAS,META
PUERTO RICO,META
RESTREPO,META
SAN CARLOS GUAROA,META
SAN JUAN DE ARAMA,META
SAN JUANITO,META
SAN MARTIN,META
VISTA HERMOSA,META
LA MACARENA,META
MAPIRIPAN,META
PUERTO GAITAN,META
NEIVA,HUILA
GIGANTE,HUILA
GUADALUPE,HUILA
HOBO,HUILA
IQUIRA,HUILA
ISNOS,HUILA
LA ARGENTINA,HUILA
LA PLATA,HUILA
NATAGA,HUILA
OPORAPA,HUILA
PAICOL,HUILA
PALERMO,HUILA
PALESTINA,HUILA
PITAL,HUILA
PITALITO,HUILA
RIVERA,HUILA
SALADOBLANCO,HUILA
SAN AGUSTIN,HUILA
SANTA MARIA,HUILA
SUAZA,HUILA
TARQUI,HUILA
TESALIA,HUILA
TELLO,HUILA
TERUEL,HUILA
TIMANA,HUILA
VILLAVIEJA,HUILA
YAGUARA,HUILA
GARZON,HUILA
ELIAS,HUILA
COLOMBIA,HUILA
CAMPOALEGRE,HUILA
BARAYA,HUILA
ALTAMIRA,HUILA
ALGECIRAS,HUILA
AIPE,HUILA
AGRADO,HUILA
ACEVEDO,HUILA
AGUADA,SANTANDER
ALBANIA,SANTANDER
ARATOCA,SANTANDER
BARBOSA,SANTANDER
BARICHARA,SANTANDER
BARRANCABERMEJA,SANTANDER
BETULIA,SANTANDER
CABRERA,SANTANDER
CALIFORNIA,SANTANDER
CAPITANEJO,SANTANDER
CARCASI,SANTANDER
CEPITA,SANTANDER
CERRITO,SANTANDER
CHARALA,SANTANDER
CHARTA,SANTANDER
CHIMA,SANTANDER
CHIPATA,SANTANDER
CIMITARRA,SANTANDER
CONCEPCION,SANTANDER
CONFINES,SANTANDER
RIONEGRO,SANTANDER
SABANA DE TORRES,SANTANDER
SAN ANDRES,SANTANDER
SAN BENITO,SANTANDER
SAN GIL,SANTANDER
SAN JOAQUIN,SANTANDER
SAN JOSE DE MIRANDA,SANTANDER
SAN MIGUEL,SANTANDER
SAN VICENTE DE CHUCURI,SANTANDER
SANTA BARBARA,SANTANDER
SANTA HELENA DEL OPON,SANTANDER
SIMACOTA,SANTANDER
SOCORRO,SANTANDER
SUAITA,SANTANDER
SUCRE,SANTANDER
SURATA,SANTANDER
TONA,SANTANDER
VALLE DE SAN JOSE,SANTANDER
VELEZ,SANTANDER
VETAS,SANTANDER
VILLANUEVA,SANTANDER
ZAPATOCA,SANTANDER
JORDAN,SANTANDER
LA BELLEZA,SANTANDER
LANDAZURI,SANTANDER
LA PAZ,SANTANDER
LEBRIJA,SANTANDER
LOS SANTOS,SANTANDER
MACARAVITA,SANTANDER
MALAGA,SANTANDER
MATANZA,SANTANDER
MOGOTES,SANTANDER
MOLAGAVITA,SANTANDER
OCAMONTE,SANTANDER
OIBA,SANTANDER
ONZAGA,SANTANDER
PALMAR,SANTANDER
PALMAS DEL SOCORRO,SANTANDER
PARAMO,SANTANDER
PINCHOTE,SANTANDER
PUENTE NACIONAL,SANTANDER
PUERTO PARRA,SANTANDER
PUERTO WILCHES,SANTANDER
CONTRATACION,SANTANDER
COROMORO,SANTANDER
CURITI,SANTANDER
EL CARMEN DE CHUCURI,SANTANDER
EL GUACAMAYO,SANTANDER
EL PLAYON,SANTANDER
ENCINO,SANTANDER
ENCISO,SANTANDER
FLORIAN,SANTANDER
GALAN,SANTANDER
GAMBITA,SANTANDER
GUACA,SANTANDER
GUADALUPE,SANTANDER
GUAPOTA,SANTANDER
GUAVATA,SANTANDER
GUEPSA,SANTANDER
HATO,SANTANDER
JESUS MARIA,SANTANDER
GIRON,SANTANDER
FLORIDABLANCA,SANTANDER
BOLIVAR,SANTANDER
EL PEÑON,SANTANDER
PIEDECUESTA,SANTANDER
BUCARAMANGA,SANTANDER
IBAGUE,TOLIMA
ALPUJARRA,TOLIMA
ALVARADO,TOLIMA
AMBALEMA,TOLIMA
ANZOATEGUI,TOLIMA
ARMERO,TOLIMA
ATACO,TOLIMA
CAJAMARCA,TOLIMA
CARMEN DE APICALA,TOLIMA
CASABIANCA,TOLIMA
CHAPARRAL,TOLIMA
COELLO,TOLIMA
COYAIMA,TOLIMA
CUNDAY,TOLIMA
DOLORES,TOLIMA
ESPINAL,TOLIMA
FALAN,TOLIMA
FLANDES,TOLIMA
FRESNO,TOLIMA
GUAMO,TOLIMA
HERVEO,TOLIMA
ICONONZO,TOLIMA
LERIDA,TOLIMA
LIBANO,TOLIMA
MARIQUITA,TOLIMA
MELGAR,TOLIMA
MURILLO,TOLIMA
NATAGAIMA,TOLIMA
ORTEGA,TOLIMA
PALOCABILDO,TOLIMA
PIEDRAS,TOLIMA
PLANADAS,TOLIMA
PRADO,TOLIMA
PURIFICACION,TOLIMA
RIOBLANCO,TOLIMA
RONCESVALLES,TOLIMA
ROVIRA,TOLIMA
SALDAÑA,TOLIMA
SAN ANTONIO,TOLIMA
SAN LUIS,TOLIMA
SANTA ISABEL,TOLIMA
SUAREZ,TOLIMA
VALLE DE SAN JUAN,TOLIMA
VENADILLO,TOLIMA
VILLAHERMOSA,TOLIMA
VILLARRICA,TOLIMA
HATILLO DE LOBA,BOLIVAR
SAN FERNANDO,BOLIVAR
MAGANGUE,BOLIVAR
GIRARDOT,CUNDINAMARCA
SOACHA,CUNDINAMARCA
CHIA,CUNDINAMARCA
EL ROSAL,CUNDINAMARCA
MOSQUERA,CUNDINAMARCA
SIBATE,CUNDINAMARCA
FUSAGASUGA,CUNDINAMARCA
SAN JUAN DE RIO SECO,CUNDINAMARCA
HONDA,TOLIMA
SABANETA,ANTIOQUIA
LA ESTRELLA,ANTIOQUIA